-- --------------------------------------------------------
-- Host:                         127.0.0.1
-- Server version:               10.6.5-MariaDB-log - mariadb.org binary distribution
-- Server OS:                    Win64
-- HeidiSQL Version:             12.3.0.6589
-- --------------------------------------------------------

/*!40101 SET @OLD_CHARACTER_SET_CLIENT=@@CHARACTER_SET_CLIENT */;
/*!40101 SET NAMES utf8 */;
/*!50503 SET NAMES utf8mb4 */;
/*!40103 SET @OLD_TIME_ZONE=@@TIME_ZONE */;
/*!40103 SET TIME_ZONE='+00:00' */;
/*!40014 SET @OLD_FOREIGN_KEY_CHECKS=@@FOREIGN_KEY_CHECKS, FOREIGN_KEY_CHECKS=0 */;
/*!40101 SET @OLD_SQL_MODE=@@SQL_MODE, SQL_MODE='NO_AUTO_VALUE_ON_ZERO' */;
/*!40111 SET @OLD_SQL_NOTES=@@SQL_NOTES, SQL_NOTES=0 */;

-- Dumping structure for table rms.batches
CREATE TABLE IF NOT EXISTS `batches` (
  `id` bigint(20) unsigned NOT NULL AUTO_INCREMENT,
  `name` varchar(255) COLLATE utf8mb4_unicode_ci NOT NULL,
  `season_id` int(11) NOT NULL,
  `created_at` timestamp NULL DEFAULT NULL,
  `updated_at` timestamp NULL DEFAULT NULL,
  PRIMARY KEY (`id`)
) ENGINE=InnoDB AUTO_INCREMENT=5 DEFAULT CHARSET=utf8mb4 COLLATE=utf8mb4_unicode_ci;

-- Dumping data for table rms.batches: ~3 rows (approximately)
INSERT INTO `batches` (`id`, `name`, `season_id`, `created_at`, `updated_at`) VALUES
	(1, '40 Batch', 1, '2021-12-10 21:23:46', '2021-12-10 21:23:47'),
	(2, '41 Batch', 2, '2021-12-10 21:23:46', '2021-12-11 09:28:14'),
	(4, '42 Batch', 4, '2023-02-08 08:36:02', '2023-02-08 08:36:02');

-- Dumping structure for table rms.batch_students
CREATE TABLE IF NOT EXISTS `batch_students` (
  `id` bigint(20) unsigned NOT NULL AUTO_INCREMENT,
  `batch_id` int(11) NOT NULL,
  `student_id` int(11) NOT NULL,
  `created_at` timestamp NULL DEFAULT NULL,
  `updated_at` timestamp NULL DEFAULT NULL,
  PRIMARY KEY (`id`)
) ENGINE=InnoDB DEFAULT CHARSET=utf8mb4 COLLATE=utf8mb4_unicode_ci;

-- Dumping data for table rms.batch_students: ~0 rows (approximately)

-- Dumping structure for table rms.exams
CREATE TABLE IF NOT EXISTS `exams` (
  `id` bigint(20) unsigned NOT NULL AUTO_INCREMENT,
  `name` varchar(255) COLLATE utf8mb4_unicode_ci NOT NULL,
  `season_id` int(11) NOT NULL,
  `created_at` timestamp NULL DEFAULT NULL,
  `updated_at` timestamp NULL DEFAULT NULL,
  PRIMARY KEY (`id`)
) ENGINE=InnoDB AUTO_INCREMENT=8 DEFAULT CHARSET=utf8mb4 COLLATE=utf8mb4_unicode_ci;

-- Dumping data for table rms.exams: ~6 rows (approximately)
INSERT INTO `exams` (`id`, `name`, `season_id`, `created_at`, `updated_at`) VALUES
	(1, 'Summer 2021 Final', 3, '2021-06-11 18:43:04', '2021-12-11 18:43:05'),
	(2, 'Fall 2021 Final', 1, '2021-09-11 18:43:05', '2021-12-11 18:43:06'),
	(4, 'Spring 2022 Final', 2, '2022-01-11 18:43:05', '2021-12-11 18:43:06'),
	(5, 'Summer 2022 Final', 3, '2022-06-11 18:43:05', '2021-12-11 18:43:06'),
	(6, 'Fall 2022 Final', 1, '2022-09-11 18:43:05', '2021-12-11 18:43:06'),
	(7, 'Summer 2023 Mid', 3, '2023-02-08 08:36:43', '2023-02-08 08:36:43');

-- Dumping structure for table rms.exam_batches
CREATE TABLE IF NOT EXISTS `exam_batches` (
  `id` bigint(20) unsigned NOT NULL AUTO_INCREMENT,
  `exam_id` int(11) NOT NULL,
  `batch_id` int(11) NOT NULL,
  `created_at` timestamp NULL DEFAULT NULL,
  `updated_at` timestamp NULL DEFAULT NULL,
  PRIMARY KEY (`id`)
) ENGINE=InnoDB DEFAULT CHARSET=utf8mb4 COLLATE=utf8mb4_unicode_ci;

-- Dumping data for table rms.exam_batches: ~0 rows (approximately)

-- Dumping structure for table rms.failed_jobs
CREATE TABLE IF NOT EXISTS `failed_jobs` (
  `id` bigint(20) unsigned NOT NULL AUTO_INCREMENT,
  `uuid` varchar(255) COLLATE utf8mb4_unicode_ci NOT NULL,
  `connection` text COLLATE utf8mb4_unicode_ci NOT NULL,
  `queue` text COLLATE utf8mb4_unicode_ci NOT NULL,
  `payload` longtext COLLATE utf8mb4_unicode_ci NOT NULL,
  `exception` longtext COLLATE utf8mb4_unicode_ci NOT NULL,
  `failed_at` timestamp NOT NULL DEFAULT current_timestamp(),
  PRIMARY KEY (`id`),
  UNIQUE KEY `failed_jobs_uuid_unique` (`uuid`)
) ENGINE=InnoDB DEFAULT CHARSET=utf8mb4 COLLATE=utf8mb4_unicode_ci;

-- Dumping data for table rms.failed_jobs: ~0 rows (approximately)

-- Dumping structure for table rms.migrations
CREATE TABLE IF NOT EXISTS `migrations` (
  `id` int(10) unsigned NOT NULL AUTO_INCREMENT,
  `migration` varchar(255) COLLATE utf8mb4_unicode_ci NOT NULL,
  `batch` int(11) NOT NULL,
  PRIMARY KEY (`id`)
) ENGINE=InnoDB AUTO_INCREMENT=13 DEFAULT CHARSET=utf8mb4 COLLATE=utf8mb4_unicode_ci;

-- Dumping data for table rms.migrations: ~12 rows (approximately)
INSERT INTO `migrations` (`id`, `migration`, `batch`) VALUES
	(1, '2014_10_12_000000_create_users_table', 1),
	(2, '2014_10_12_100000_create_password_resets_table', 1),
	(3, '2019_08_19_000000_create_failed_jobs_table', 1),
	(4, '2019_12_14_000001_create_personal_access_tokens_table', 1),
	(5, '2021_11_20_141842_create_roles_table', 1),
	(6, '2021_11_20_141922_create_seasons_table', 1),
	(7, '2021_11_20_142002_create_exams_table', 1),
	(8, '2021_11_20_142030_create_batches_table', 1),
	(9, '2021_11_20_142104_create_exam_batches_table', 1),
	(10, '2021_11_20_142134_create_subjects_table', 1),
	(11, '2021_11_20_142219_create_batch_students_table', 1),
	(12, '2021_11_20_142254_create_results_table', 1);

-- Dumping structure for table rms.password_resets
CREATE TABLE IF NOT EXISTS `password_resets` (
  `email` varchar(255) COLLATE utf8mb4_unicode_ci NOT NULL,
  `token` varchar(255) COLLATE utf8mb4_unicode_ci NOT NULL,
  `created_at` timestamp NULL DEFAULT NULL,
  KEY `password_resets_email_index` (`email`)
) ENGINE=InnoDB DEFAULT CHARSET=utf8mb4 COLLATE=utf8mb4_unicode_ci;

-- Dumping data for table rms.password_resets: ~0 rows (approximately)

-- Dumping structure for table rms.personal_access_tokens
CREATE TABLE IF NOT EXISTS `personal_access_tokens` (
  `id` bigint(20) unsigned NOT NULL AUTO_INCREMENT,
  `tokenable_type` varchar(255) COLLATE utf8mb4_unicode_ci NOT NULL,
  `tokenable_id` bigint(20) unsigned NOT NULL,
  `name` varchar(255) COLLATE utf8mb4_unicode_ci NOT NULL,
  `token` varchar(64) COLLATE utf8mb4_unicode_ci NOT NULL,
  `abilities` text COLLATE utf8mb4_unicode_ci DEFAULT NULL,
  `last_used_at` timestamp NULL DEFAULT NULL,
  `created_at` timestamp NULL DEFAULT NULL,
  `updated_at` timestamp NULL DEFAULT NULL,
  PRIMARY KEY (`id`),
  UNIQUE KEY `personal_access_tokens_token_unique` (`token`),
  KEY `personal_access_tokens_tokenable_type_tokenable_id_index` (`tokenable_type`,`tokenable_id`)
) ENGINE=InnoDB DEFAULT CHARSET=utf8mb4 COLLATE=utf8mb4_unicode_ci;

-- Dumping data for table rms.personal_access_tokens: ~0 rows (approximately)

-- Dumping structure for table rms.results
CREATE TABLE IF NOT EXISTS `results` (
  `id` bigint(20) unsigned NOT NULL AUTO_INCREMENT,
  `student_id` int(11) NOT NULL,
  `exam_id` int(11) NOT NULL,
  `subject_id` int(11) NOT NULL,
  `mark` double(8,2) NOT NULL,
  `created_at` timestamp NULL DEFAULT NULL,
  `updated_at` timestamp NULL DEFAULT NULL,
  PRIMARY KEY (`id`)
) ENGINE=InnoDB AUTO_INCREMENT=7 DEFAULT CHARSET=utf8mb4 COLLATE=utf8mb4_unicode_ci;

-- Dumping data for table rms.results: ~4 rows (approximately)
INSERT INTO `results` (`id`, `student_id`, `exam_id`, `subject_id`, `mark`, `created_at`, `updated_at`) VALUES
	(2, 11, 1, 1, 30.00, '2021-12-11 13:49:09', '2021-12-11 13:52:46'),
	(4, 12, 1, 1, 55.00, '2021-12-11 13:49:09', '2021-12-11 13:52:46'),
	(5, 11, 1, 2, 80.00, '2021-12-11 13:49:09', '2021-12-11 13:52:46'),
	(6, 11, 2, 1, 65.00, '2021-12-11 13:49:09', '2021-12-11 13:52:46');

-- Dumping structure for table rms.roles
CREATE TABLE IF NOT EXISTS `roles` (
  `id` bigint(20) unsigned NOT NULL AUTO_INCREMENT,
  `name` varchar(50) COLLATE utf8mb4_unicode_ci NOT NULL DEFAULT '',
  `created_at` timestamp NULL DEFAULT NULL,
  `updated_at` timestamp NULL DEFAULT NULL,
  PRIMARY KEY (`id`)
) ENGINE=InnoDB AUTO_INCREMENT=4 DEFAULT CHARSET=utf8mb4 COLLATE=utf8mb4_unicode_ci;

-- Dumping data for table rms.roles: ~3 rows (approximately)
INSERT INTO `roles` (`id`, `name`, `created_at`, `updated_at`) VALUES
	(1, 'Admin', '2021-12-10 18:37:04', '2021-12-10 18:37:05'),
	(2, 'Student', '2021-12-10 18:37:06', '2021-12-10 18:37:07'),
	(3, 'Teacher', '2021-12-10 18:37:07', '2021-12-10 18:37:08');

-- Dumping structure for table rms.seasons
CREATE TABLE IF NOT EXISTS `seasons` (
  `id` bigint(20) unsigned NOT NULL AUTO_INCREMENT,
  `name` varchar(255) COLLATE utf8mb4_unicode_ci NOT NULL,
  `year` year(4) NOT NULL,
  `created_at` timestamp NULL DEFAULT NULL,
  `updated_at` timestamp NULL DEFAULT NULL,
  PRIMARY KEY (`id`)
) ENGINE=InnoDB AUTO_INCREMENT=5 DEFAULT CHARSET=utf8mb4 COLLATE=utf8mb4_unicode_ci;

-- Dumping data for table rms.seasons: ~4 rows (approximately)
INSERT INTO `seasons` (`id`, `name`, `year`, `created_at`, `updated_at`) VALUES
	(1, 'Fall', '2021', '2021-12-10 15:10:51', '2021-12-10 15:10:51'),
	(2, 'Spring', '2022', '2021-12-10 15:10:51', '2021-12-10 15:10:51'),
	(3, 'Summer', '2022', '2021-12-10 15:10:51', '2021-12-10 15:10:51'),
	(4, 'Fall', '2023', '2023-02-08 08:35:36', '2023-02-08 08:35:36');

-- Dumping structure for table rms.subjects
CREATE TABLE IF NOT EXISTS `subjects` (
  `id` bigint(20) unsigned NOT NULL AUTO_INCREMENT,
  `name` varchar(255) COLLATE utf8mb4_unicode_ci NOT NULL,
  `batch_id` int(11) NOT NULL,
  `mark` double(8,2) NOT NULL,
  `created_at` timestamp NULL DEFAULT NULL,
  `updated_at` timestamp NULL DEFAULT NULL,
  PRIMARY KEY (`id`)
) ENGINE=InnoDB AUTO_INCREMENT=4 DEFAULT CHARSET=utf8mb4 COLLATE=utf8mb4_unicode_ci;

-- Dumping data for table rms.subjects: ~2 rows (approximately)
INSERT INTO `subjects` (`id`, `name`, `batch_id`, `mark`, `created_at`, `updated_at`) VALUES
	(1, 'Microprocessor', 1, 80.00, '2021-12-11 13:00:30', '2021-12-11 13:00:30'),
	(2, 'Electronics', 1, 100.00, '2021-12-11 13:04:11', '2021-12-11 13:04:11');

-- Dumping structure for table rms.users
CREATE TABLE IF NOT EXISTS `users` (
  `id` bigint(20) unsigned NOT NULL AUTO_INCREMENT,
  `name` varchar(255) COLLATE utf8mb4_unicode_ci NOT NULL,
  `student_id` int(255) DEFAULT NULL,
  `email` varchar(255) COLLATE utf8mb4_unicode_ci NOT NULL,
  `email_verified_at` timestamp NULL DEFAULT NULL,
  `password` varchar(255) COLLATE utf8mb4_unicode_ci NOT NULL,
  `role_id` int(11) NOT NULL,
  `remember_token` varchar(100) COLLATE utf8mb4_unicode_ci DEFAULT NULL,
  `created_at` timestamp NULL DEFAULT NULL,
  `updated_at` timestamp NULL DEFAULT NULL,
  PRIMARY KEY (`id`),
  UNIQUE KEY `users_email_unique` (`email`),
  UNIQUE KEY `student_id` (`student_id`)
) ENGINE=InnoDB AUTO_INCREMENT=116 DEFAULT CHARSET=utf8mb4 COLLATE=utf8mb4_unicode_ci;

-- Dumping data for table rms.users: ~104 rows (approximately)
INSERT INTO `users` (`id`, `name`, `student_id`, `email`, `email_verified_at`, `password`, `role_id`, `remember_token`, `created_at`, `updated_at`) VALUES
	(1, 'Admin', NULL, 'admin@gmail.com', NULL, '$2y$10$2gt9qqKM.L85WzMhk/VVAerbcyA.cDAYq4u9zLAY1KBDKuhFL4xXO', 1, 'IAdkBFtkeUz2mOk0c3ESIAC9S0v3pK5oWIAaVCI6JOOVZ1VGarIe0nRqYzbH', '2021-12-10 12:44:48', '2023-02-08 10:06:50'),
	(11, 'Abu Sayed', 987654, 'student@gmail.com', NULL, '$2y$10$S8eFtTzGfzDYqKuWhv54rOrRcOCaGd3v7CCf2sy5RZbQJTCGZ8Aru', 2, 'saKhNqo6Ds4EFJG1yn2a59R2jhalDKv51oOyV6FlhRwxhjz9azXjVTw7Iq6X', '2021-12-10 20:27:03', '2023-02-08 10:06:50'),
	(12, 'Mahfuz', 301404, 'mahfuz@mailinator.com', NULL, '$2y$10$Rqrwoq20/ykapG2Ex.zIlux92hAUBfnmt.qCW1.9zwap9Ep4KqtT6', 2, NULL, '2021-12-10 14:26:55', '2023-02-08 10:06:50'),
	(15, 'Sarah Schmeler', 210587, 'mary.emard@example.net', '2021-12-14 08:57:00', '$2y$10$cUF/BgEVHyCHvySWK5q/n.H7OzpWfv3PtLc4npqKlxaFZaFzoA03i', 2, 'orAM0uSQLZ', '2021-12-14 08:57:00', '2023-02-08 10:06:50'),
	(16, 'Kyra Effertz', 246464, 'godfrey.grant@example.com', '2021-12-14 08:57:00', '$2y$10$rpsma2moo27tMQT4EfoKO.69rfD5kkH47gjuWEYdo2yyiOhIi5PBK', 2, 'd1J7DukbF8', '2021-12-14 08:57:00', '2023-02-08 10:06:50'),
	(17, 'Flo Kunze', 208944, 'juliana83@example.com', '2021-12-14 08:57:00', '$2y$10$5KCrS6QvddygZ2VwxDxw3endDW1ts7Pgn/tF3McAeAzUde1g5bRPa', 2, 'JqsgV6SXKx', '2021-12-14 08:57:00', '2023-02-08 10:06:51'),
	(18, 'Mrs. Augusta Murphy', 253920, 'mrenner@example.org', '2021-12-14 08:57:00', '$2y$10$eiiVjuZxodSMvV7zA7b0H.iLldWZ97MPvAWnVoB29WTNd5DdTTGzK', 2, 'NxcWZ2nnq2', '2021-12-14 08:57:00', '2023-02-08 10:06:51'),
	(19, 'Prof. Olaf Zulauf', 205389, 'emmanuelle80@example.net', '2021-12-14 08:57:00', '$2y$10$1839ZtFP4.F.L8bjK0Erj.R6WkkbPFlCBp3T.Gp5L9DuWfhSnO9nu', 2, '1pTHem3SNE', '2021-12-14 08:57:00', '2023-02-08 10:06:51'),
	(20, 'Milton Schulist', 271275, 'hugh.feeney@example.net', '2021-12-14 08:57:00', '$2y$10$gT5ouB49GEDJBwQND3KaEOuDowbZr64iemVrI6OjeA2EXRkdREqkW', 2, 'fi3D0zhYfH', '2021-12-14 08:57:00', '2023-02-08 10:06:51'),
	(21, 'Seth Pfannerstill', 270230, 'gavin.kshlerin@example.com', '2021-12-14 08:57:00', '$2y$10$NQT55A1gQpkrfzoGuxuCjeZIarlufPrKLfq6wBwMHrFIEi.yd4JdG', 2, 'bfYsQX3Q7D', '2021-12-14 08:57:00', '2023-02-08 10:06:51'),
	(22, 'Jaida Gulgowski', 236991, 'feeney.arvid@example.org', '2021-12-14 08:57:00', '$2y$10$L5f250ZnVfoUu2E.rApCbuBdrdYrA0mzuBnLaQaOPbB9t3gh6x81G', 2, '7yx51TbOiQ', '2021-12-14 08:57:00', '2023-02-08 10:06:51'),
	(23, 'Sonia Berge', 213366, 'johanna78@example.com', '2021-12-14 08:57:00', '$2y$10$t9zvck7FW8mOZZZtLdLRou6iNCZu/YGlqlhgMM.gYHX1WlXmfbmaG', 2, 'Gpx3AxwLRB', '2021-12-14 08:57:00', '2023-02-08 10:06:51'),
	(24, 'Orrin Emmerich', 232757, 'smith.roberta@example.net', '2021-12-14 08:57:00', '$2y$10$3Qi9E2Q/22WQM4jCOurzyOsJ10Q0m/W9ESHTNaJNSebUoxsy87UzS', 2, 'HMjPpohcuM', '2021-12-14 08:57:00', '2023-02-08 10:06:51'),
	(25, 'Gus Glover', 205632, 'hyman43@example.net', '2021-12-14 08:57:00', '$2y$10$hIifWLHZX3Sm4wkvKnbEd.e6z2xg6xql8PuMa9svkqKgRVDxXPUHm', 2, 'RqYvyvj9Vy', '2021-12-14 08:57:00', '2023-02-08 10:06:52'),
	(26, 'Dr. Roscoe Bogan', 274330, 'fredy91@example.net', '2021-12-14 08:57:00', '$2y$10$blheu5up4qRH.BxMxqKOf.eWn2BL6NBm0ubUaSFtWoyFh6COqDTHe', 2, 'sZIU9PV04U', '2021-12-14 08:57:00', '2023-02-08 10:06:52'),
	(27, 'Ms. Winifred Runolfsson', 274546, 'amya47@example.org', '2021-12-14 08:57:00', '$2y$10$F9MqxT9xkPfWs1utLnyfyeXvDujCBeL6e.GWn.Nkc2jhe5KpZcMUG', 2, 'cdNmxZcrTv', '2021-12-14 08:57:00', '2023-02-08 10:06:52'),
	(28, 'Dr. Giovanny Altenwerth DVM', 239379, 'flubowitz@example.org', '2021-12-14 08:57:00', '$2y$10$gRbsITyNozU2st3UfiZDv.Z4HKOR96mY7iDn6BByIpWhGgiy5KJva', 2, '1gLAyEcgHf', '2021-12-14 08:57:00', '2023-02-08 10:06:52'),
	(29, 'Dr. Fredy Smitham', 205968, 'preston.hickle@example.net', '2021-12-14 08:57:00', '$2y$10$TGtLkL1SPn7FfZW/dnxvv.MQGXTgm72QLd8YicEXIMQBsRTnV11ye', 2, 'E3Wspl5HZQ', '2021-12-14 08:57:00', '2023-02-08 10:06:52'),
	(30, 'Mr. Edmund McCullough IV', 204910, 'raegan.oberbrunner@example.com', '2021-12-14 08:57:00', '$2y$10$gTBm3dbl6GZX.uqDXn2xnOtRumESSqWw53v87WmX5WAPJPwecaLj6', 2, 'SHSLRELdfF', '2021-12-14 08:57:00', '2023-02-08 10:06:52'),
	(31, 'Charlotte Stoltenberg', 252569, 'sswift@example.org', '2021-12-14 08:57:00', '$2y$10$VZsSWYC9eUPrPQvuqec9h.m3DvojMPjM1LSLjUF1NH87I1G.jnasy', 2, 'lrGYdA4bkA', '2021-12-14 08:57:00', '2023-02-08 10:06:52'),
	(32, 'Kaleb Hermann DVM', 202340, 'jadon26@example.com', '2021-12-14 08:57:00', '$2y$10$.NYzTSX3fCxmad8g.VhFeuF9QJ9jgUsUz4gvqFYVFQUV.vb70lBlu', 2, 'qJYaHLwBqT', '2021-12-14 08:57:00', '2023-02-08 10:06:52'),
	(33, 'Prof. Lydia Conn I', 242112, 'ollie04@example.org', '2021-12-14 08:57:00', '$2y$10$a9sxXa23lESru2DCQDPN0OSNoycc2N91n.gn8hYFnbrNtd2Ut6qr2', 2, 'lvqtLmRVQQ', '2021-12-14 08:57:00', '2023-02-08 10:06:53'),
	(34, 'Dr. Hilma Schmidt III', 268195, 'hauck.gilbert@example.net', '2021-12-14 08:57:00', '$2y$10$GfPSm336ys54x8nCxOenQOKWHxTUyiLwl98punK6pfUbLqv6seoua', 2, 'fDKke2BEW4', '2021-12-14 08:57:00', '2023-02-08 10:06:53'),
	(35, 'Mr. Cloyd Fisher', 273629, 'tfay@example.net', '2021-12-14 08:57:00', '$2y$10$RgbEhw0af/wRfNKyvLJHuuLtTDnsLyX5y9nI6H4ZyLgtqAgqoHsNa', 2, 'GTHOnTdU2A', '2021-12-14 08:57:00', '2023-02-08 10:06:53'),
	(36, 'Freddie Armstrong', 251954, 'jeffry.mohr@example.net', '2021-12-14 08:57:00', '$2y$10$6aklLVYwFsdJR6guzCe3VOHyJ5xk8y2J94bL2YPXI0hgG0bqyYlcy', 2, '8SV3qCI8QR', '2021-12-14 08:57:00', '2023-02-08 10:06:53'),
	(37, 'Caden Dicki', 252936, 'ymacejkovic@example.com', '2021-12-14 08:57:00', '$2y$10$zWGVpmdxeO2LFeqNAkvxPe2QDLhV8CzN8Ex/NkIsLkTUZsgRkLchS', 2, 'QK2ZZ6dR4e', '2021-12-14 08:57:00', '2023-02-08 10:06:53'),
	(38, 'Miss Kirstin Schuster DDS', 224499, 'parker.austin@example.com', '2021-12-14 08:57:00', '$2y$10$PQILxPit7yYep8qkS5Gay.il90BLyuisZSI60liZ76KmykX00pM3C', 2, 'is9ycQ6e6h', '2021-12-14 08:57:00', '2023-02-08 10:06:53'),
	(39, 'Prof. Kirstin Tromp', 265942, 'stroman.philip@example.com', '2021-12-14 08:57:00', '$2y$10$RsarsCAK3jX1DZvrci6qvOwRqwLprTp97IVO3b5smvdx.YG1FQ8Oq', 2, '5AlWtlSqXD', '2021-12-14 08:57:00', '2023-02-08 10:06:53'),
	(40, 'Shanel Bins', 239242, 'kunde.zita@example.com', '2021-12-14 08:57:00', '$2y$10$DO7N1n6JwnWRAVfpH7ZbquIRRN1eCMckNZ6A2umdD8WMoYHxW/CVm', 2, 'UAU1tURDSn', '2021-12-14 08:57:00', '2023-02-08 10:06:53'),
	(41, 'Fiona Baumbach III', 282277, 'winona.kovacek@example.com', '2021-12-14 08:57:00', '$2y$10$cxTcqCEtJWBihB09ojc/p.lzWDaobvZvHfd9wOWrEpkjn0BFxnk.2', 2, '4KdSM7sPFQ', '2021-12-14 08:57:00', '2023-02-08 10:06:53'),
	(42, 'Devon Steuber', 269732, 'sunny.sipes@example.com', '2021-12-14 08:57:00', '$2y$10$xMSEBjm3CwtVXQvEk74m/eHIIzAKmOpghjL/28Km0CVurTqHdJaLe', 2, 'EaHvCJxdKi', '2021-12-14 08:57:00', '2023-02-08 10:06:54'),
	(43, 'Mr. Victor Satterfield', 274613, 'zackery77@example.org', '2021-12-14 08:57:00', '$2y$10$Ii8rQTs5Qd43KI/cWUDlR.ape3NHojBal9hRIvhHA3oCeyjgRZnO6', 2, 'XW2L6PYWrW', '2021-12-14 08:57:00', '2023-02-08 10:06:54'),
	(44, 'Mrs. Ozella DuBuque IV', 219605, 'temard@example.org', '2021-12-14 08:57:00', '$2y$10$W0AJMKLHMUMPQkm7F4JxnOOHEr2P5pGdmnxvZNgF8/qYxrXAomgf.', 2, 'is5jEU8h6c', '2021-12-14 08:57:00', '2023-02-08 10:06:54'),
	(45, 'Forest Murphy IV', 261433, 'larissa.pollich@example.net', '2021-12-14 08:57:00', '$2y$10$02jV/HPEhgo8SKX2dwFqv.6WGfxUtd0zb7HTlEd/G9Nt5KBgWBE6K', 2, 'UR4G9bryDL', '2021-12-14 08:57:00', '2023-02-08 10:06:54'),
	(46, 'Jennings Wiza III', 279943, 'mkoss@example.org', '2021-12-14 08:57:00', '$2y$10$e6X8kyanH7p8Np/MbCP3Au0SmCJYl3Cxq8QRt9i8iv/L6xny/zQGW', 2, 'Ui1rQbBtOf', '2021-12-14 08:57:00', '2023-02-08 10:06:54'),
	(47, 'Shemar Leannon', 204264, 'veda.schaden@example.com', '2021-12-14 08:57:00', '$2y$10$Fsb.MfjLdOgV/8/W07uEXe3TcmBsIXu6Rsfy/tXdWHNlf.KtYZ7YK', 2, 'tPIYQPaAwp', '2021-12-14 08:57:00', '2023-02-08 10:06:54'),
	(48, 'Deven Wehner', 275956, 'gorczany.kendra@example.org', '2021-12-14 08:57:00', '$2y$10$5/j1fpVFHvwNDQVf2WOKfO8Kx8dPMrYJx3ziqgGIxrvzgVaFeBZwa', 2, 'jjdxWBLxf9', '2021-12-14 08:57:00', '2023-02-08 10:06:54'),
	(49, 'Kolby Koelpin', 223459, 'davis.marcia@example.net', '2021-12-14 08:57:00', '$2y$10$uRpJLzrEMi.Jhf6Wz1UL8.UOkIT/W8vwVD0YQ6X8Uc9gvfb49K1ZK', 2, 'OJzF4VCRE4', '2021-12-14 08:57:00', '2023-02-08 10:06:54'),
	(50, 'Velma Kovacek', 293107, 'walker.arielle@example.com', '2021-12-14 08:57:00', '$2y$10$cgInVytVJgzQzHlbU55Cq.iyHMWIII1.sY47c62JZXwOKw/6rCM5W', 2, 'vBI4qZvEHR', '2021-12-14 08:57:00', '2023-02-08 10:06:55'),
	(51, 'Brooklyn Carter', 258858, 'cassandra79@example.net', '2021-12-14 08:57:00', '$2y$10$gWcT9P1DMimb2b7iAm9R7uOHuDmKRiit7R5bmjOdUARhSgydhi/tK', 2, 'lFzmazAwXJ', '2021-12-14 08:57:00', '2023-02-08 10:06:55'),
	(52, 'Rick Pollich', 202043, 'alysha30@example.com', '2021-12-14 08:57:00', '$2y$10$NLgMXlFKnrGeqqDrB2iSAOWpTzkoDt1c5maLxmxymP7ef81DJUaNO', 2, 'NAOH4mklPs', '2021-12-14 08:57:00', '2023-02-08 10:06:55'),
	(53, 'Augustine Haag', 243221, 'dashawn.tromp@example.com', '2021-12-14 08:57:00', '$2y$10$1mhkxkgh3Sel5A5AOxnqv.3FrixTMIOUqpFQFzC1b.WyeiPB.xkfa', 2, 'pep67dxNiM', '2021-12-14 08:57:00', '2023-02-08 10:06:55'),
	(54, 'Jules Little', 282246, 'kcrooks@example.net', '2021-12-14 08:57:00', '$2y$10$mCMUUladYxo2qExTdl0UCOzhFt5P7CF5pSwOYyJTEX4mG4qN43p02', 2, 'H4y2dZaHvd', '2021-12-14 08:57:00', '2023-02-08 10:06:55'),
	(55, 'Kelvin Leannon', 295699, 'royce00@example.com', '2021-12-14 08:57:00', '$2y$10$WyeJQBhhoHDChoj.dGw1ROjJXzFJGmE.8iolUpChux/NYEuNkw05m', 2, '8pzrwunWSI', '2021-12-14 08:57:00', '2023-02-08 10:06:55'),
	(56, 'Alison Renner', 235864, 'drake.dicki@example.com', '2021-12-14 08:57:00', '$2y$10$jcSRIkkPaAVUhONn0dIq/OCDhPfQWVN4gwPjrpKby5LgbUym4JPqG', 2, 'QvcoYWXIkX', '2021-12-14 08:57:00', '2023-02-08 10:06:55'),
	(57, 'Colleen Kozey', 244642, 'iflatley@example.net', '2021-12-14 08:57:00', '$2y$10$1.VVRJF0Uildeeglnorkd.fBrDtw86VOHWDl6E7i1MNxnsMp2BucW', 2, 'quwMi3dCYE', '2021-12-14 08:57:00', '2023-02-08 10:06:55'),
	(58, 'Gene Reinger', 288542, 'rowe.nova@example.org', '2021-12-14 08:57:00', '$2y$10$zvcvwxKoZyIuUhGd7zVRYeQooA3b70iBRZ7A5u1MSK0W1Ya1e4/fW', 2, 'WwjIyV1Y9z', '2021-12-14 08:57:00', '2023-02-08 10:06:55'),
	(59, 'Otha Batz', 256204, 'mcclure.vita@example.net', '2021-12-14 08:57:00', '$2y$10$yzqABJSD0ythMRho.wyg2u6PMnMI7E4Sse.FRBdR3x1Kpl6gq9sTW', 2, 'qFAUGKNXEB', '2021-12-14 08:57:00', '2023-02-08 10:06:56'),
	(60, 'Elenora Tromp', 269799, 'brandi.oreilly@example.net', '2021-12-14 08:57:00', '$2y$10$.aYIcgXPrS0Ol/QILw4a5OArgo.7rplp0d0SblkcY6WLu9PDSNf8W', 2, 'RGDt3Z8SZd', '2021-12-14 08:57:00', '2023-02-08 10:06:56'),
	(61, 'Cecil VonRueden IV', 213616, 'felipe.hamill@example.com', '2021-12-14 08:57:00', '$2y$10$9KD4M.cu5miQQUPPqeZtcOVPBUy1KJ3aHAIbPjOT7zhIJcHoELYCe', 2, 'o9efuPxM1O', '2021-12-14 08:57:00', '2023-02-08 10:06:56'),
	(62, 'Mr. Miles Wisozk', 205580, 'ebert.katrina@example.com', '2021-12-14 08:57:00', '$2y$10$fcVPyL34g6Ow08Fssh/F7eNldYkLQDVAvh92gDWdy3tTi96Nsplpq', 2, 'ThDTi6XbQ0', '2021-12-14 08:57:00', '2023-02-08 10:06:56'),
	(63, 'Dr. Crystel Prosacco', 212552, 'mjerde@example.org', '2021-12-14 08:57:00', '$2y$10$0y50qdJ0Jpb.y/xwELPsXuOA3bG3OKTBnXxIqFUh7z2DtHOC/W3M2', 2, 'sCp2yFr9X0', '2021-12-14 08:57:00', '2023-02-08 10:06:56'),
	(64, 'Dejah Hagenes', 257542, 'owintheiser@example.com', '2021-12-14 08:57:00', '$2y$10$CHONsZ22yKfYiTYlw7QfFOALBDyAbhy6WWJ180tQev7HcWL9FE0nG', 2, '07Zgz0m49e', '2021-12-14 08:57:00', '2023-02-08 10:06:56'),
	(65, 'Brendon Stanton', 290919, 'trystan44@example.net', '2021-12-14 08:57:00', '$2y$10$xP0Rjl1MnEcWDnYL8NZOSuRTsugoGAIDKGpjHp8t.DR2DrTaT7EcC', 2, 'GEs7jFz8q1', '2021-12-14 08:57:00', '2023-02-08 10:06:56'),
	(66, 'Eveline Hill', 215925, 'rutherford.ophelia@example.org', '2021-12-14 08:57:00', '$2y$10$iUqhjeJrMGyK.f2CPiKNqu5GzZydFbeeYz6k/XlmL64SUNdci1phm', 2, 'bqBMi4wL2E', '2021-12-14 08:57:00', '2023-02-08 10:06:56'),
	(67, 'Anne Hammes', 250567, 'dvolkman@example.org', '2021-12-14 08:57:00', '$2y$10$t41qZNlyCpYhKoZiL1hJtOluR2k.zkLNgN8blrnn9R./3raGJiOqa', 2, 'ArWGG9SXBJ', '2021-12-14 08:57:00', '2023-02-08 10:06:57'),
	(68, 'Prof. Myrtie Turner', 297093, 'memmerich@example.net', '2021-12-14 08:57:00', '$2y$10$mFSAgfXw0nvVRs1bhPQw6.Ydi3s01jVFl4d8wHAJ4wi48atp8Smrm', 2, 'zM611jKcUu', '2021-12-14 08:57:00', '2023-02-08 10:06:57'),
	(69, 'Miss Mina West V', 208375, 'arne.jakubowski@example.net', '2021-12-14 08:57:00', '$2y$10$HH6hB1RVh4BsGVbUf5bo0.e/aN1FVLMmbcoMWDy7hH9Xg/bnQADca', 2, 'ZZiBqYcBdN', '2021-12-14 08:57:00', '2023-02-08 10:06:57'),
	(70, 'Kattie Gleason', 265245, 'ciara38@example.org', '2021-12-14 08:57:00', '$2y$10$2kyIjK.3Wd.p.tOaj8E8uuvfrTwSRTymEkk6baA/kcJkcRQY4NTRC', 2, 'dNun8IPprz', '2021-12-14 08:57:00', '2023-02-08 10:06:57'),
	(71, 'Marion Davis', 253083, 'veda87@example.com', '2021-12-14 08:57:00', '$2y$10$ezl8lEr8kkvz9C56HfExSuPOIcdAWA6xkZR2bTdKrT1WlOx04Rx12', 2, 'Voor8dkwJS', '2021-12-14 08:57:00', '2023-02-08 10:06:57'),
	(72, 'Lorine Wolf', 280913, 'sreinger@example.com', '2021-12-14 08:57:00', '$2y$10$OTZf.DeSX0TRp194DHS3fOShJLJH/6w5T0tf7RPvFiQVrmXQs9bbG', 2, 'dfYoDr6Wev', '2021-12-14 08:57:00', '2023-02-08 10:06:57'),
	(73, 'Ferne Gutkowski DVM', 214623, 'angelo.rolfson@example.org', '2021-12-14 08:57:00', '$2y$10$7wp2EHvU9/UX9T579GtLAu3aNtwhDweFptPnm9Re3u7wBE6CtzeSG', 2, '8v1xdogg2H', '2021-12-14 08:57:00', '2023-02-08 10:06:57'),
	(74, 'Isaias VonRueden', 238189, 'klein.oliver@example.net', '2021-12-14 08:57:00', '$2y$10$A8Jz0LnarewrYa3SBnVo4.K4Ov0sfYQLbzdAzsnIEYQCaBV0ckI/a', 2, 'EtAVuDVdRt', '2021-12-14 08:57:00', '2023-02-08 10:06:57'),
	(75, 'Brody Corwin MD', 294133, 'gstroman@example.org', '2021-12-14 08:57:00', '$2y$10$sVD5INR/YnAuTopvvMwHB.aL2S0ZeUQ1kBGwFBBvXqV/g9ComKmOq', 2, 'B7iur8t4fX', '2021-12-14 08:57:00', '2023-02-08 10:06:57'),
	(76, 'Sarai Cole', 222417, 'mathew.hansen@example.com', '2021-12-14 08:57:00', '$2y$10$w6gWiJ.RU2xScOirT4dL1eX.K..vPlgWATme8kgFWTTu4Ih.0N.E2', 2, 'cRxIH00xTM', '2021-12-14 08:57:00', '2023-02-08 10:06:58'),
	(77, 'Aida Upton MD', 268066, 'nasir.kerluke@example.net', '2021-12-14 08:57:00', '$2y$10$n7uwisro1AVRuWlLrN00peCPX2Z2EcL423KItxDJ91lCijBEZXwg6', 2, 'iDFxlg6vII', '2021-12-14 08:57:01', '2023-02-08 10:06:58'),
	(78, 'Prof. Megane Sipes', 286231, 'ceichmann@example.org', '2021-12-14 08:57:00', '$2y$10$ie9N/2Ud9lAlzspBROq7.OVTC0aTRvMSggoYO7nLV6sOhd5gtRyYu', 2, 'GOJCHQO2bY', '2021-12-14 08:57:01', '2023-02-08 10:06:58'),
	(79, 'Linda Schmidt', 277872, 'edmond.dickinson@example.net', '2021-12-14 08:57:00', '$2y$10$zJO8zfejI7nvF/nOLzSESOykHnH3fJg9jNXIyflIHOHLhxWGGqBGS', 2, 'J435MgaIyb', '2021-12-14 08:57:01', '2023-02-08 10:06:58'),
	(80, 'Mr. Chase Hegmann', 201639, 'zoe.anderson@example.com', '2021-12-14 08:57:00', '$2y$10$564QG/09.fTiT9Z3ozjXp.xT4F.QYIlIiJrTR//ilZho1bmbNm1nq', 2, '6tV8Q3BEOj', '2021-12-14 08:57:01', '2023-02-08 10:06:58'),
	(81, 'Blake Mosciski', 264824, 'funk.arden@example.net', '2021-12-14 08:57:00', '$2y$10$CR5w9bEq/Bos9knC2s27velBUD3veT1eidjN37guEwAJ.cn8TjwWW', 2, '3dnIGrrQgs', '2021-12-14 08:57:01', '2023-02-08 10:06:58'),
	(82, 'Prof. Emile Von', 252422, 'wdare@example.com', '2021-12-14 08:57:00', '$2y$10$vOzXuLDGiwjK1YfcHNw/2.8aXEgAoc50EIc8ReMpvgTae7PKr9LCS', 2, 'SctUFADMOE', '2021-12-14 08:57:01', '2023-02-08 10:06:58'),
	(83, 'Brian Carter Sr.', 232455, 'ymcdermott@example.com', '2021-12-14 08:57:00', '$2y$10$bmaOpiEHWrmz0qrw507qh.hH/JwGO9jr.UNFc/6Xl9sbHtEYndmbW', 2, 'y601DQbEIh', '2021-12-14 08:57:01', '2023-02-08 10:06:58'),
	(84, 'Wilfredo Cronin', 244521, 'rwolf@example.net', '2021-12-14 08:57:00', '$2y$10$kbHss8is.8iKP8eWj2clG.5rthfk8dJTv6ktga2/2usJz7vTVQ7nC', 2, '8DRP1sk0oO', '2021-12-14 08:57:01', '2023-02-08 10:06:59'),
	(85, 'Daryl Wiza', 225345, 'herminio.lynch@example.org', '2021-12-14 08:57:00', '$2y$10$xe7SnQqYRtDUqM/243S.W.G6KcpiVhSuA37xzVVGzTHHtXda14aPq', 2, 'CfPMWrKLn3', '2021-12-14 08:57:01', '2023-02-08 10:06:59'),
	(86, 'Brooke Stark DVM', 259704, 'brakus.arjun@example.org', '2021-12-14 08:57:00', '$2y$10$LimEEKgZNOXwcUV/Dy4z9.m26vQSs3YqqTdE2ehk15/z1SQM09kkO', 2, 'NoGBMc1IPF', '2021-12-14 08:57:01', '2023-02-08 10:06:59'),
	(87, 'Cydney Treutel', 219703, 'eldridge.ritchie@example.net', '2021-12-14 08:57:00', '$2y$10$z.5Li.oXngWwKD8u3484JuFIgkts.FBcvl9OxeblPDcBm6ZvRTPzu', 2, '50giRNNIQs', '2021-12-14 08:57:01', '2023-02-08 10:06:59'),
	(88, 'Prof. Juwan Huel Jr.', 229014, 'mozelle50@example.com', '2021-12-14 08:57:00', '$2y$10$5tyTp7uG7XitOPvArNieHu55BxghOkIvlmWO9mQZdP4q27pddnh5.', 2, '50wFTgW6U1', '2021-12-14 08:57:01', '2023-02-08 10:06:59'),
	(89, 'Dr. Casimer Daniel MD', 291598, 'colt.murray@example.com', '2021-12-14 08:57:00', '$2y$10$vVIplFTVmqLI1IoYbexZTuZ23tjeeAyXn1hg0FhU9Bu7hl1Yd.bru', 2, 'DOE4MsufFX', '2021-12-14 08:57:01', '2023-02-08 10:06:59'),
	(90, 'Reilly Runte II', 231089, 'hbergnaum@example.net', '2021-12-14 08:57:00', '$2y$10$U0.c1/NbEgF5m1HyH6tnwec6q9mXM1xfKDkaZhPSMj61bEN5kyLA6', 2, 'TcDVTJW4Do', '2021-12-14 08:57:01', '2023-02-08 10:06:59'),
	(91, 'Joey Lynch V', 274130, 'quinn.beer@example.org', '2021-12-14 08:57:00', '$2y$10$MEw5LC3/9CKeO5OeFDKXMeFyQzEMuU7hIqNHnzTF80b33sNLAEuum', 2, '2kv9QEYmhP', '2021-12-14 08:57:01', '2023-02-08 10:06:59'),
	(92, 'Mr. Sigurd Jerde II', 263238, 'kovacek.issac@example.com', '2021-12-14 08:57:00', '$2y$10$8zzujYHwirzNJmMLdXXfDe.vo/BEFoz5L4dwtr9Cs464lk6Vx6nnq', 2, 'PK3D1kQnMZ', '2021-12-14 08:57:01', '2023-02-08 10:07:00'),
	(93, 'Mr. Sam Ziemann', 265228, 'rosenbaum.aliyah@example.org', '2021-12-14 08:57:00', '$2y$10$D8Je.4Jcb3vAGEeBShQ75.wnRaX7EaRiHgHARUB15/QqcO5x1UN1.', 2, 'jvEkaM6HC6', '2021-12-14 08:57:01', '2023-02-08 10:07:00'),
	(94, 'Buford Schaefer', 215772, 'schmeler.kristian@example.org', '2021-12-14 08:57:00', '$2y$10$OAsf5JvZXTxEEqu/Dd.4hOPbMtDCuFIrUPbfhd8hOLguFMAu63apK', 2, '5VbwImpwc1', '2021-12-14 08:57:01', '2023-02-08 10:07:00'),
	(95, 'Maximus Parker', 205223, 'dianna.moen@example.net', '2021-12-14 08:57:00', '$2y$10$y5i038tjuEVDcfhN0hKef.aXCTzQuvlZ9s36Za5kpJZcPSqx.EXwi', 2, 'DLvZwDWmr9', '2021-12-14 08:57:01', '2023-02-08 10:07:00'),
	(96, 'Dr. Gayle Torphy PhD', 232084, 'qhayes@example.org', '2021-12-14 08:57:00', '$2y$10$zUSA/vqx/OnWh1dnefGb5.YE8mJQICe3R3tbXXzr9DYLmIYJlgyYW', 2, 'NoEOocPfqk', '2021-12-14 08:57:01', '2023-02-08 10:07:00'),
	(97, 'Prof. Vito Murray', 221750, 'hodkiewicz.alberta@example.net', '2021-12-14 08:57:00', '$2y$10$glUjCI6zSqF2wGaETqevbOz1uaOzdC0rRWzHL4e.Pz8r3qz/TFSLG', 2, 'gQvho8XrKZ', '2021-12-14 08:57:01', '2023-02-08 10:07:00'),
	(98, 'Ocie Walsh', 291864, 'maya70@example.com', '2021-12-14 08:57:00', '$2y$10$PuyVtdPHpdRzUS17Sb7kP.X0/WbcL2EvZXbwk1DUAv7vTX0TESJDO', 2, 'atVpwndujJ', '2021-12-14 08:57:01', '2023-02-08 10:07:00'),
	(99, 'Jodie Smitham', 278774, 'jschoen@example.com', '2021-12-14 08:57:00', '$2y$10$cgIqwj6ytEiuvZW1/13h5OY/GowV6nKakf3KojzvlRExUG0HVLdV.', 2, '4zVZWz8Vn2', '2021-12-14 08:57:01', '2023-02-08 10:07:00'),
	(100, 'Raymundo Miller', 272141, 'modesta58@example.org', '2021-12-14 08:57:00', '$2y$10$A3Qdbsf364AEkW/b6JPlpes0HhiG2VXrQugo4TII.sZm5kR9gIN0S', 2, 'frceOmOlxy', '2021-12-14 08:57:01', '2023-02-08 10:07:00'),
	(101, 'Kari Dickinson', 284808, 'brook99@example.net', '2021-12-14 08:57:00', '$2y$10$SzeTl0lAIRFLT0Sm/rBVFOWIF3/K9eFPmJGC3irsQxMgmaZxOMZpS', 2, 'mZ8dTs6b2u', '2021-12-14 08:57:01', '2023-02-08 10:07:01'),
	(102, 'Ms. Alysa DuBuque', 205355, 'zflatley@example.net', '2021-12-14 08:57:00', '$2y$10$4Ruft.5a.o15I6fy6EuQC.4rET.HXW/6hKfTGHHW73SLLAcoondYK', 2, '7YkJ54Byo3', '2021-12-14 08:57:01', '2023-02-08 10:07:01'),
	(103, 'Myrtle Quigley', 240871, 'lemke.ava@example.com', '2021-12-14 08:57:00', '$2y$10$3I39TJGe2GPo5uVhYy3F9uk4En97YgRwV6u2QspBvVyfEyACFFbNK', 2, 'JYXeMO39jj', '2021-12-14 08:57:01', '2023-02-08 10:07:01'),
	(104, 'Christophe Wisozk PhD', 253767, 'stark.roberta@example.org', '2021-12-14 08:57:00', '$2y$10$DTgRy1DgJXSnmYd8FO2nzOo4XE/vEkyzPnzU3kHF8oo4HjCpWY5T2', 2, 'BdpTf5M5p9', '2021-12-14 08:57:01', '2023-02-08 10:07:01'),
	(105, 'Freddy Cole', 292688, 'rosinski@example.com', '2021-12-14 08:57:00', '$2y$10$JwPaTqwZz4SCJvHmkh9RTuki2aecpR6ctV8QXOJHJMI3sXcucmTlG', 2, 'Rv6Y4AMDFe', '2021-12-14 08:57:01', '2023-02-08 10:07:01'),
	(106, 'Thelma Davis', 280776, 'thora52@example.com', '2021-12-14 08:57:00', '$2y$10$O.CtWJuTTDeNuTyqxNJSwOnP8UGoS0MZzKAFJGstArAvlNT9a.qQu', 2, 'dlarHaZ3Mq', '2021-12-14 08:57:01', '2023-02-08 10:07:01'),
	(107, 'Verda Bechtelar', 261779, 'elijah37@example.net', '2021-12-14 08:57:00', '$2y$10$rkdkMOZX0N9n8nx6yDs46.552mFwc/8AvwOa.amvmzxQZk2on8nVS', 2, 'TDv4e4j6sq', '2021-12-14 08:57:01', '2023-02-08 10:07:01'),
	(108, 'Madaline Wilkinson', 299092, 'mayert.zelma@example.net', '2021-12-14 08:57:00', '$2y$10$.ZpD3t6jP6xLX81dCf9T9ORowrMlAG.oScO3LeBnhenjCiUSYube2', 2, 'QnqEXth1RO', '2021-12-14 08:57:01', '2023-02-08 10:07:01'),
	(109, 'Lenny Kutch', 229203, 'beatty.jarrell@example.net', '2021-12-14 08:57:00', '$2y$10$Ovn5UyW.s.VWbL3kIRL0oeXr2HjanGXgoCYhkPcM39/VWsiuC0DLq', 2, 'yHCUqZXJfy', '2021-12-14 08:57:01', '2023-02-08 10:07:02'),
	(110, 'Vincenza Berge DVM', 256229, 'oconnell.virgie@example.net', '2021-12-14 08:57:00', '$2y$10$Pvmp6pTWfGcv6gE/DozaH.whNTzK4IU5mDoZIKJs.ujHiW/PHuAB2', 2, 'NuXfhkCcoK', '2021-12-14 08:57:01', '2023-02-08 10:07:02'),
	(111, 'Manley Herman', 242572, 'ykoelpin@example.net', '2021-12-14 08:57:00', '$2y$10$ktvCWQAGKJ4MdB3mTfCtV.7Yn5HMOY9a6A6HPhoLJFkuaWhaPkj1C', 2, 'ZTXrIm3LCL', '2021-12-14 08:57:01', '2023-02-08 10:07:02'),
	(112, 'Prof. Berenice Leannon', 235226, 'estella.hayes@example.com', '2021-12-14 08:57:00', '$2y$10$Phd.DFVwssZskEhXvaRaCeAo4FC1DdMKM28gGO91rtvpC58LOU6vO', 2, 'd8kFysKcZ7', '2021-12-14 08:57:01', '2023-02-08 10:07:02'),
	(113, 'Prof. Salma Kunde', 215887, 'leonora.leffler@example.net', '2021-12-14 08:57:00', '$2y$10$Ne2tTufeWnsNvb.L5kBSde7ZY42LchNZShVPjiFuc0yQaIPYO2POG', 2, 'a3fFNiSjS7', '2021-12-14 08:57:01', '2023-02-08 10:07:02'),
	(114, 'Blair Hansen', 262828, 'asha38@example.net', '2021-12-14 08:57:00', '$2y$10$XXB1rqvUc4ox9ItpE88DkO573.WFZk5mcYMo1LaBF5626RQWz3EIu', 2, 'b9vKHRce59', '2021-12-14 08:57:01', '2023-02-08 10:07:02'),
	(115, 'Tapotosh Ghosh', NULL, 'teacher@gmail.com', NULL, '$2y$10$CXBw5t/057bI09nMiJUDieEtjk6Hw1/PSsawnIoQ6c638fKWQuXL6', 3, 'mfgqqu19HjEqOVTkK68M4dowejYPEthhT5yIOKulTaWxlZvT5eOKPgWXlViS', '2023-02-08 08:34:26', '2023-02-08 10:07:02');

/*!40103 SET TIME_ZONE=IFNULL(@OLD_TIME_ZONE, 'system') */;
/*!40101 SET SQL_MODE=IFNULL(@OLD_SQL_MODE, '') */;
/*!40014 SET FOREIGN_KEY_CHECKS=IFNULL(@OLD_FOREIGN_KEY_CHECKS, 1) */;
/*!40101 SET CHARACTER_SET_CLIENT=@OLD_CHARACTER_SET_CLIENT */;
/*!40111 SET SQL_NOTES=IFNULL(@OLD_SQL_NOTES, 1) */;
